Workbook

Sheet MASTER_PRICE_LIST
A1: PART_NUMBER | B1: DESCRIPTION | C1: UNIT_COST
A2: CISCO-9200L | B2: Cisco 24-Port Switch | C2: 2850
A3: FORTI-60F | B3: FortiGate Firewall | C3: 1450
A4: ARUBA-AP505 | B4: Aruba Access Point | C4: 480
A5: PANDUIT-CAT6 | B5: Cat6 UTP Cable Box | C5: 195
A6: APC-42U-RACK | B6: APC Data Cabinet | C6: 1250
A7: LABOR-NST | B7: Installation Labor | C7: 75
A8: SVC-CONFIG | B8: Network Config Service | C8: 1500

Sheet BOQ_ENGINE
A1: FIXED AUTOMATED NETWORK BOQ ENGINE
E2: GRAND TOTAL: | F2: =SUM(F5:F100) -> #VALUE!
A4: CATEGORY | B4: PART_NUMBER | C4: DESCRIPTION (AUTO) | D4: QTY | E4: UNIT_COST (AUTO) | F4: LINE_TOTAL (AUTO)
A5: Active | B5: ARUBA-AP505 | C5: =IFERROR(VLOOKUP(B2, MASTER_PRICE_LIST!$A$2:$C$100, 2, FALSE), "--- Select Part ---") -> --- Select Part --- | D5: 1 | E5: =IFERROR(VLOOKUP(B2, MASTER_PRICE_LIST!$A$2:$C$100, 3, FALSE), 0) -> 0 | F5: =D2*E2 -> #VALUE!
A6: Active | B6: CISCO-9200L | C6: =IFERROR(VLOOKUP(B3, MASTER_PRICE_LIST!$A$2:$C$100, 2, FALSE), "--- Select Part ---") -> --- Select Part --- | D6: 1 | E6: =IFERROR(VLOOKUP(B3, MASTER_PRICE_LIST!$A$2:$C$100, 3, FALSE), 0) -> 0 | F6: =D3*E3 -> 0
A7: Passive | B7: LABOR-NST | C7: =IFERROR(VLOOKUP(B4, MASTER_PRICE_LIST!$A$2:$C$100, 2, FALSE), "--- Select Part ---") -> --- Select Part --- | D7: 1 | E7: =IFERROR(VLOOKUP(B4, MASTER_PRICE_LIST!$A$2:$C$100, 3, FALSE), 0) -> 0 | F7: =D4*E4 -> #VALUE!
A8: Services | C8: =IFERROR(VLOOKUP(B5, MASTER_PRICE_LIST!$A$2:$C$100, 2, FALSE), "--- Select Part ---") -> Aruba Access Point | D8: 1 | E8: =IFERROR(VLOOKUP(B5, MASTER_PRICE_LIST!$A$2:$C$100, 3, FALSE), 0) -> 480 | F8: =D5*E5 -> 0
C9: =IFERROR(VLOOKUP(B6, MASTER_PRICE_LIST!$A$2:$C$100, 2, FALSE), "--- Select Part ---") -> Cisco 24-Port Switch | D9: 0 | E9: =IFERROR(VLOOKUP(B6, MASTER_PRICE_LIST!$A$2:$C$100, 3, FALSE), 0) -> 2850 | F9: =D6*E6 -> 0
C10: =IFERROR(VLOOKUP(B7, MASTER_PRICE_LIST!$A$2:$C$100, 2, FALSE), "--- Select Part ---") -> Installation Labor | D10: 0 | E10: =IFERROR(VLOOKUP(B7, MASTER_PRICE_LIST!$A$2:$C$100, 3, FALSE), 0) -> 75 | F10: =D7*E7 -> 0
C11: =IFERROR(VLOOKUP(B8, MASTER_PRICE_LIST!$A$2:$C$100, 2, FALSE), "--- Select Part ---") -> --- Select Part --- | D11: 0 | E11: =IFERROR(VLOOKUP(B8, MASTER_PRICE_LIST!$A$2:$C$100, 3, FALSE), 0) -> 0 | F11: =D8*E8 -> 480
C12: =IFERROR(VLOOKUP(B9, MASTER_PRICE_LIST!$A$2:$C$100, 2, FALSE), "--- Select Part ---") -> --- Select Part --- | E12: =IFERROR(VLOOKUP(B9, MASTER_PRICE_LIST!$A$2:$C$100, 3, FALSE), 0) -> 0 | F12: =D9*E9 -> 0
C13: =IFERROR(VLOOKUP(B10, MASTER_PRICE_LIST!$A$2:$C$100, 2, FALSE), "--- Select Part ---") -> --- Select Part --- | E13: =IFERROR(VLOOKUP(B10, MASTER_PRICE_LIST!$A$2:$C$100, 3, FALSE), 0) -> 0 | F13: =D10*E10 -> 0
C14: =IFERROR(VLOOKUP(B11, MASTER_PRICE_LIST!$A$2:$C$100, 2, FALSE), "--- Select Part ---") -> --- Select Part --- | E14: =IFERROR(VLOOKUP(B11, MASTER_PRICE_LIST!$A$2:$C$100, 3, FALSE), 0) -> 0 | F14: =D11*E11 -> 0
C15: =IFERROR(VLOOKUP(B12, MASTER_PRICE_LIST!$A$2:$C$100, 2, FALSE), "--- Select Part ---") -> --- Select Part --- | E15: =IFERROR(VLOOKUP(B12, MASTER_PRICE_LIST!$A$2:$C$100, 3, FALSE), 0) -> 0 | F15: =D12*E12 -> 0
C16: =IFERROR(VLOOKUP(B13, MASTER_PRICE_LIST!$A$2:$C$100, 2, FALSE), "--- Select Part ---") -> --- Select Part --- | E16: =IFERROR(VLOOKUP(B13, MASTER_PRICE_LIST!$A$2:$C$100, 3, FALSE), 0) -> 0 | F16: =D13*E13 -> 0
C17: =IFERROR(VLOOKUP(B14, MASTER_PRICE_LIST!$A$2:$C$100, 2, FALSE), "--- Select Part ---") -> --- Select Part --- | E17: =IFERROR(VLOOKUP(B14, MASTER_PRICE_LIST!$A$2:$C$100, 3, FALSE), 0) -> 0 | F17: =D14*E14 -> 0
C18: =IFERROR(VLOOKUP(B15, MASTER_PRICE_LIST!$A$2:$C$100, 2, FALSE), "--- Select Part ---") -> --- Select Part --- | E18: =IFERROR(VLOOKUP(B15, MASTER_PRICE_LIST!$A$2:$C$100, 3, FALSE), 0) -> 0 | F18: =D15*E15 -> 0
C19: =IFERROR(VLOOKUP(B16, MASTER_PRICE_LIST!$A$2:$C$100, 2, FALSE), "--- Select Part ---") -> --- Select Part --- | E19: =IFERROR(VLOOKUP(B16, MASTER_PRICE_LIST!$A$2:$C$100, 3, FALSE), 0) -> 0 | F19: =D16*E16 -> 0
C20: =IFERROR(VLOOKUP(B17, MASTER_PRICE_LIST!$A$2:$C$100, 2, FALSE), "--- Select Part ---") -> --- Select Part --- | E20: =IFERROR(VLOOKUP(B17, MASTER_PRICE_LIST!$A$2:$C$100, 3, FALSE), 0) -> 0 | F20: =D17*E17 -> 0
C21: =IFERROR(VLOOKUP(B18, MASTER_PRICE_LIST!$A$2:$C$100, 2, FALSE), "--- Select Part ---") -> --- Select Part --- | E21: =IFERROR(VLOOKUP(B18, MASTER_PRICE_LIST!$A$2:$C$100, 3, FALSE), 0) -> 0 | F21: =D18*E18 -> 0
C22: =IFERROR(VLOOKUP(B19, MASTER_PRICE_LIST!$A$2:$C$100, 2, FALSE), "--- Select Part ---") -> --- Select Part --- | E22: =IFERROR(VLOOKUP(B19, MASTER_PRICE_LIST!$A$2:$C$100, 3, FALSE), 0) -> 0 | F22: =D19*E19 -> 0
C23: =IFERROR(VLOOKUP(B20, MASTER_PRICE_LIST!$A$2:$C$100, 2, FALSE), "--- Select Part ---") -> --- Select Part --- | E23: =IFERROR(VLOOKUP(B20, MASTER_PRICE_LIST!$A$2:$C$100, 3, FALSE), 0) -> 0 | F23: =D20*E20 -> 0
... C103: =IFERROR(VLOOKUP(B100, MASTER_PRICE_LIST!$A$2:$C$100, 2, FALSE), "--- Select Part ---") -> --- Select Part --- | E103: =IFERROR(VLOOKUP(B100, MASTER_PRICE_LIST!$A$2:$C$100, 3, FALSE), 0) -> 0 | F103: =D100*E100 -> 0
