Workbook

Sheet MASTER_PRICE_LIST
A1: PART_NUMBER | B1: DESCRIPTION | C1: UNIT_COST
A2: CISCO-9200L | B2: Cisco 24-Port Switch | C2: 2850
A3: FORTI-60F | B3: FortiGate Firewall | C3: 1450
A4: ARUBA-AP505 | B4: Aruba Access Point | C4: 480
A5: PANDUIT-CAT6 | B5: Cat6 UTP Cable Box | C5: 195
A6: APC-42U-RACK | B6: APC Data Cabinet | C6: 1250
A7: LABOR-NST | B7: Installation Labor | C7: 75
A8: SVC-CONFIG | B8: Network Config Service | C8: 1500

Sheet BOQ_ENGINE
A1: FULLY AUTOMATED NETWORK BOQ ENGINE
E2: GRAND TOTAL: | F2: =SUM(F5:F100)
A4: CATEGORY | B4: PART_NUMBER | C4: DESCRIPTION (AUTO) | D4: QTY | E4: UNIT_COST (AUTO) | F4: LINE_TOTAL (AUTO)
A5: Active | C5: =IFERROR(XLOOKUP(B2, MASTER_PRICE_LIST!A:A, MASTER_PRICE_LIST!B:B), "--- Select Part ---") | D5: 1 | E5: =IFERROR(XLOOKUP(B2, MASTER_PRICE_LIST!A:A, MASTER_PRICE_LIST!C:C), 0) | F5: =D2*E2
A6: Active | C6: =IFERROR(XLOOKUP(B3, MASTER_PRICE_LIST!A:A, MASTER_PRICE_LIST!B:B), "--- Select Part ---") | D6: 1 | E6: =IFERROR(XLOOKUP(B3, MASTER_PRICE_LIST!A:A, MASTER_PRICE_LIST!C:C), 0) | F6: =D3*E3
A7: Passive | C7: =IFERROR(XLOOKUP(B4, MASTER_PRICE_LIST!A:A, MASTER_PRICE_LIST!B:B), "--- Select Part ---") | D7: 1 | E7: =IFERROR(XLOOKUP(B4, MASTER_PRICE_LIST!A:A, MASTER_PRICE_LIST!C:C), 0) | F7: =D4*E4
A8: Services | C8: =IFERROR(XLOOKUP(B5, MASTER_PRICE_LIST!A:A, MASTER_PRICE_LIST!B:B), "--- Select Part ---") | D8: 1 | E8: =IFERROR(XLOOKUP(B5, MASTER_PRICE_LIST!A:A, MASTER_PRICE_LIST!C:C), 0) | F8: =D5*E5
C9: =IFERROR(XLOOKUP(B6, MASTER_PRICE_LIST!A:A, MASTER_PRICE_LIST!B:B), "--- Select Part ---") | D9: 0 | E9: =IFERROR(XLOOKUP(B6, MASTER_PRICE_LIST!A:A, MASTER_PRICE_LIST!C:C), 0) | F9: =D6*E6
C10: =IFERROR(XLOOKUP(B7, MASTER_PRICE_LIST!A:A, MASTER_PRICE_LIST!B:B), "--- Select Part ---") | D10: 0 | E10: =IFERROR(XLOOKUP(B7, MASTER_PRICE_LIST!A:A, MASTER_PRICE_LIST!C:C), 0) | F10: =D7*E7
C11: =IFERROR(XLOOKUP(B8, MASTER_PRICE_LIST!A:A, MASTER_PRICE_LIST!B:B), "--- Select Part ---") | D11: 0 | E11: =IFERROR(XLOOKUP(B8, MASTER_PRICE_LIST!A:A, MASTER_PRICE_LIST!C:C), 0) | F11: =D8*E8
C12: =IFERROR(XLOOKUP(B9, MASTER_PRICE_LIST!A:A, MASTER_PRICE_LIST!B:B), "--- Select Part ---") | E12: =IFERROR(XLOOKUP(B9, MASTER_PRICE_LIST!A:A, MASTER_PRICE_LIST!C:C), 0) | F12: =D9*E9
C13: =IFERROR(XLOOKUP(B10, MASTER_PRICE_LIST!A:A, MASTER_PRICE_LIST!B:B), "--- Select Part ---") | E13: =IFERROR(XLOOKUP(B10, MASTER_PRICE_LIST!A:A, MASTER_PRICE_LIST!C:C), 0) | F13: =D10*E10
C14: =IFERROR(XLOOKUP(B11, MASTER_PRICE_LIST!A:A, MASTER_PRICE_LIST!B:B), "--- Select Part ---") | E14: =IFERROR(XLOOKUP(B11, MASTER_PRICE_LIST!A:A, MASTER_PRICE_LIST!C:C), 0) | F14: =D11*E11
C15: =IFERROR(XLOOKUP(B12, MASTER_PRICE_LIST!A:A, MASTER_PRICE_LIST!B:B), "--- Select Part ---") | E15: =IFERROR(XLOOKUP(B12, MASTER_PRICE_LIST!A:A, MASTER_PRICE_LIST!C:C), 0) | F15: =D12*E12
C16: =IFERROR(XLOOKUP(B13, MASTER_PRICE_LIST!A:A, MASTER_PRICE_LIST!B:B), "--- Select Part ---") | E16: =IFERROR(XLOOKUP(B13, MASTER_PRICE_LIST!A:A, MASTER_PRICE_LIST!C:C), 0) | F16: =D13*E13
C17: =IFERROR(XLOOKUP(B14, MASTER_PRICE_LIST!A:A, MASTER_PRICE_LIST!B:B), "--- Select Part ---") | E17: =IFERROR(XLOOKUP(B14, MASTER_PRICE_LIST!A:A, MASTER_PRICE_LIST!C:C), 0) | F17: =D14*E14
C18: =IFERROR(XLOOKUP(B15, MASTER_PRICE_LIST!A:A, MASTER_PRICE_LIST!B:B), "--- Select Part ---") | E18: =IFERROR(XLOOKUP(B15, MASTER_PRICE_LIST!A:A, MASTER_PRICE_LIST!C:C), 0) | F18: =D15*E15
C19: =IFERROR(XLOOKUP(B16, MASTER_PRICE_LIST!A:A, MASTER_PRICE_LIST!B:B), "--- Select Part ---") | E19: =IFERROR(XLOOKUP(B16, MASTER_PRICE_LIST!A:A, MASTER_PRICE_LIST!C:C), 0) | F19: =D16*E16
C20: =IFERROR(XLOOKUP(B17, MASTER_PRICE_LIST!A:A, MASTER_PRICE_LIST!B:B), "--- Select Part ---") | E20: =IFERROR(XLOOKUP(B17, MASTER_PRICE_LIST!A:A, MASTER_PRICE_LIST!C:C), 0) | F20: =D17*E17
C21: =IFERROR(XLOOKUP(B18, MASTER_PRICE_LIST!A:A, MASTER_PRICE_LIST!B:B), "--- Select Part ---") | E21: =IFERROR(XLOOKUP(B18, MASTER_PRICE_LIST!A:A, MASTER_PRICE_LIST!C:C), 0) | F21: =D18*E18
C22: =IFERROR(XLOOKUP(B19, MASTER_PRICE_LIST!A:A, MASTER_PRICE_LIST!B:B), "--- Select Part ---") | E22: =IFERROR(XLOOKUP(B19, MASTER_PRICE_LIST!A:A, MASTER_PRICE_LIST!C:C), 0) | F22: =D19*E19
C23: =IFERROR(XLOOKUP(B20, MASTER_PRICE_LIST!A:A, MASTER_PRICE_LIST!B:B), "--- Select Part ---") | E23: =IFERROR(XLOOKUP(B20, MASTER_PRICE_LIST!A:A, MASTER_PRICE_LIST!C:C), 0) | F23: =D20*E20
... C53: =IFERROR(XLOOKUP(B50, MASTER_PRICE_LIST!A:A, MASTER_PRICE_LIST!B:B), "--- Select Part ---") | E53: =IFERROR(XLOOKUP(B50, MASTER_PRICE_LIST!A:A, MASTER_PRICE_LIST!C:C), 0) | F53: =D50*E50
