Workbook

Sheet MASTER_UPL_LIST
A1: PART_NUMBER | B1: DESCRIPTION | C1: OFFICIAL_UPL | D1: CURRENCY
A2: CISCO-9200L | B2: Cisco 24-Port Switch | C2: 2850 | D2: USD
A3: FORTI-60F | B3: FortiGate Firewall | C3: 1450 | D3: USD
A4: ARUBA-AP505 | B4: Aruba Access Point | C4: 480 | D4: USD
A5: PANDUIT-CAT6 | B5: Cat6 UTP Cable Box | C5: 195 | D5: USD
A6: LABOR-NST | B6: Installation Labor | C6: 75 | D6: USD

Sheet BOQ_MAIN
A1: PART_NUMBER | B1: DESCRIPTION (AUTO) | C1: QTY | D1: APPROVED_UPL | E1: ADJUSTMENT_% | F1: FINAL_UNIT_PRICE | G1: TOTAL_AMOUNT
B2: =IFERROR(VLOOKUP(A2, MASTER_UPL_LIST!$A$2:$D$100, 2, FALSE), "") | C2: 1 | D2: =IFERROR(VLOOKUP(A2, MASTER_UPL_LIST!$A$2:$D$100, 3, FALSE), 0) | E2: 0 | F2: =D2*(1+E2) | G2: =C2*F2
B3: =IFERROR(VLOOKUP(A3, MASTER_UPL_LIST!$A$2:$D$100, 2, FALSE), "") | C3: 1 | D3: =IFERROR(VLOOKUP(A3, MASTER_UPL_LIST!$A$2:$D$100, 3, FALSE), 0) | E3: 0 | F3: =D3*(1+E3) | G3: =C3*F3
B4: =IFERROR(VLOOKUP(A4, MASTER_UPL_LIST!$A$2:$D$100, 2, FALSE), "") | C4: 1 | D4: =IFERROR(VLOOKUP(A4, MASTER_UPL_LIST!$A$2:$D$100, 3, FALSE), 0) | E4: 0 | F4: =D4*(1+E4) | G4: =C4*F4
B5: =IFERROR(VLOOKUP(A5, MASTER_UPL_LIST!$A$2:$D$100, 2, FALSE), "") | C5: 1 | D5: =IFERROR(VLOOKUP(A5, MASTER_UPL_LIST!$A$2:$D$100, 3, FALSE), 0) | E5: 0 | F5: =D5*(1+E5) | G5: =C5*F5
B6: =IFERROR(VLOOKUP(A6, MASTER_UPL_LIST!$A$2:$D$100, 2, FALSE), "") | C6: 1 | D6: =IFERROR(VLOOKUP(A6, MASTER_UPL_LIST!$A$2:$D$100, 3, FALSE), 0) | E6: 0 | F6: =D6*(1+E6) | G6: =C6*F6
B7: =IFERROR(VLOOKUP(A7, MASTER_UPL_LIST!$A$2:$D$100, 2, FALSE), "") | D7: =IFERROR(VLOOKUP(A7, MASTER_UPL_LIST!$A$2:$D$100, 3, FALSE), 0) | E7: 0 | F7: =D7*(1+E7) | G7: =C7*F7
B8: =IFERROR(VLOOKUP(A8, MASTER_UPL_LIST!$A$2:$D$100, 2, FALSE), "") | D8: =IFERROR(VLOOKUP(A8, MASTER_UPL_LIST!$A$2:$D$100, 3, FALSE), 0) | E8: 0 | F8: =D8*(1+E8) | G8: =C8*F8
B9: =IFERROR(VLOOKUP(A9, MASTER_UPL_LIST!$A$2:$D$100, 2, FALSE), "") | D9: =IFERROR(VLOOKUP(A9, MASTER_UPL_LIST!$A$2:$D$100, 3, FALSE), 0) | E9: 0 | F9: =D9*(1+E9) | G9: =C9*F9
B10: =IFERROR(VLOOKUP(A10, MASTER_UPL_LIST!$A$2:$D$100, 2, FALSE), "") | D10: =IFERROR(VLOOKUP(A10, MASTER_UPL_LIST!$A$2:$D$100, 3, FALSE), 0) | E10: 0 | F10: =D10*(1+E10) | G10: =C10*F10
B11: =IFERROR(VLOOKUP(A11, MASTER_UPL_LIST!$A$2:$D$100, 2, FALSE), "") | D11: =IFERROR(VLOOKUP(A11, MASTER_UPL_LIST!$A$2:$D$100, 3, FALSE), 0) | E11: 0 | F11: =D11*(1+E11) | G11: =C11*F11
B12: =IFERROR(VLOOKUP(A12, MASTER_UPL_LIST!$A$2:$D$100, 2, FALSE), "") | D12: =IFERROR(VLOOKUP(A12, MASTER_UPL_LIST!$A$2:$D$100, 3, FALSE), 0) | E12: 0 | F12: =D12*(1+E12) | G12: =C12*F12
B13: =IFERROR(VLOOKUP(A13, MASTER_UPL_LIST!$A$2:$D$100, 2, FALSE), "") | D13: =IFERROR(VLOOKUP(A13, MASTER_UPL_LIST!$A$2:$D$100, 3, FALSE), 0) | E13: 0 | F13: =D13*(1+E13) | G13: =C13*F13
B14: =IFERROR(VLOOKUP(A14, MASTER_UPL_LIST!$A$2:$D$100, 2, FALSE), "") | D14: =IFERROR(VLOOKUP(A14, MASTER_UPL_LIST!$A$2:$D$100, 3, FALSE), 0) | E14: 0 | F14: =D14*(1+E14) | G14: =C14*F14
B15: =IFERROR(VLOOKUP(A15, MASTER_UPL_LIST!$A$2:$D$100, 2, FALSE), "") | D15: =IFERROR(VLOOKUP(A15, MASTER_UPL_LIST!$A$2:$D$100, 3, FALSE), 0) | E15: 0 | F15: =D15*(1+E15) | G15: =C15*F15
B16: =IFERROR(VLOOKUP(A16, MASTER_UPL_LIST!$A$2:$D$100, 2, FALSE), "") | D16: =IFERROR(VLOOKUP(A16, MASTER_UPL_LIST!$A$2:$D$100, 3, FALSE), 0) | E16: 0 | F16: =D16*(1+E16) | G16: =C16*F16
B17: =IFERROR(VLOOKUP(A17, MASTER_UPL_LIST!$A$2:$D$100, 2, FALSE), "") | D17: =IFERROR(VLOOKUP(A17, MASTER_UPL_LIST!$A$2:$D$100, 3, FALSE), 0) | E17: 0 | F17: =D17*(1+E17) | G17: =C17*F17
B18: =IFERROR(VLOOKUP(A18, MASTER_UPL_LIST!$A$2:$D$100, 2, FALSE), "") | D18: =IFERROR(VLOOKUP(A18, MASTER_UPL_LIST!$A$2:$D$100, 3, FALSE), 0) | E18: 0 | F18: =D18*(1+E18) | G18: =C18*F18
... B50: =IFERROR(VLOOKUP(A50, MASTER_UPL_LIST!$A$2:$D$100, 2, FALSE), "") | D50: =IFERROR(VLOOKUP(A50, MASTER_UPL_LIST!$A$2:$D$100, 3, FALSE), 0) | E50: 0 | F50: =D50*(1+E50) | G50: =C50*F50
