Workbook

Sheet PRICE_LIST
A1: Part_Number | B1: Description | C1: Manufacturer | D1: Unit_Cost
A2: C9200L-24T | B2: Cisco Catalyst 9200L 24-port | C2: Cisco | D2: 2800
A3: FG-60F | B3: FortiGate 60F Firewall | C3: Fortinet | D3: 1400
A4: AP-505 | B4: Aruba AP-505 Wi-Fi 6 | C4: Aruba | D4: 450
A5: C6-UTP-305 | B5: Cat6 UTP Cable Box (305m) | C5: Panduit | D5: 195
A6: PP-24P | B6: 24-Port Patch Panel | C6: Schneider | D6: 125
A7: RACK-42U | B7: 42U Data Cabinet | C7: APC | D7: 1200
A8: INSTALL-SVC | B8: Labor: Cable Installation | C8: Local | D8: 50
A9: CONFIG-SVC | B9: Services: Network Configuration | C9: Expert | D9: 1500

Sheet BOQ_MAIN
A1: NETWORK INFRASTRUCTURE BILL OF QUANTITIES
G2: GRAND TOTAL: | H2: =SUM(H6:H100)
A5: Category | B5: Part_Number | C5: Description | D5: Manufacturer | E5: Qty | G5: Unit_Cost | H5: Line_Total
A6: Active | B6: C9200L-24T | C6: =IFERROR(XLOOKUP(B2, PRICE_LIST!A:A, PRICE_LIST!B:B), "") | D6: =IFERROR(XLOOKUP(B2, PRICE_LIST!A:A, PRICE_LIST!C:C), "") | E6: 2 | G6: =IFERROR(XLOOKUP(B2, PRICE_LIST!A:A, PRICE_LIST!D:D), 0) | H6: =E2*G2
A7: Active | B7: FG-60F | C7: =IFERROR(XLOOKUP(B3, PRICE_LIST!A:A, PRICE_LIST!B:B), "") | D7: =IFERROR(XLOOKUP(B3, PRICE_LIST!A:A, PRICE_LIST!C:C), "") | E7: 1 | G7: =IFERROR(XLOOKUP(B3, PRICE_LIST!A:A, PRICE_LIST!D:D), 0) | H7: =E3*G3
A8: Passive | B8: C6-UTP-305 | C8: =IFERROR(XLOOKUP(B4, PRICE_LIST!A:A, PRICE_LIST!B:B), "") | D8: =IFERROR(XLOOKUP(B4, PRICE_LIST!A:A, PRICE_LIST!C:C), "") | E8: 10 | G8: =IFERROR(XLOOKUP(B4, PRICE_LIST!A:A, PRICE_LIST!D:D), 0) | H8: =E4*G4
A9: Passive | B9: PP-24P | C9: =IFERROR(XLOOKUP(B5, PRICE_LIST!A:A, PRICE_LIST!B:B), "") | D9: =IFERROR(XLOOKUP(B5, PRICE_LIST!A:A, PRICE_LIST!C:C), "") | E9: 4 | G9: =IFERROR(XLOOKUP(B5, PRICE_LIST!A:A, PRICE_LIST!D:D), 0) | H9: =E5*G5
A10: Services | B10: CONFIG-SVC | C10: =IFERROR(XLOOKUP(B6, PRICE_LIST!A:A, PRICE_LIST!B:B), "") | D10: =IFERROR(XLOOKUP(B6, PRICE_LIST!A:A, PRICE_LIST!C:C), "") | E10: 1 | G10: =IFERROR(XLOOKUP(B6, PRICE_LIST!A:A, PRICE_LIST!D:D), 0) | H10: =E6*G6
C11: =IFERROR(XLOOKUP(B7, PRICE_LIST!A:A, PRICE_LIST!B:B), "") | D11: =IFERROR(XLOOKUP(B7, PRICE_LIST!A:A, PRICE_LIST!C:C), "") | G11: =IFERROR(XLOOKUP(B7, PRICE_LIST!A:A, PRICE_LIST!D:D), 0) | H11: =E7*G7
C12: =IFERROR(XLOOKUP(B8, PRICE_LIST!A:A, PRICE_LIST!B:B), "") | D12: =IFERROR(XLOOKUP(B8, PRICE_LIST!A:A, PRICE_LIST!C:C), "") | G12: =IFERROR(XLOOKUP(B8, PRICE_LIST!A:A, PRICE_LIST!D:D), 0) | H12: =E8*G8
C13: =IFERROR(XLOOKUP(B9, PRICE_LIST!A:A, PRICE_LIST!B:B), "") | D13: =IFERROR(XLOOKUP(B9, PRICE_LIST!A:A, PRICE_LIST!C:C), "") | G13: =IFERROR(XLOOKUP(B9, PRICE_LIST!A:A, PRICE_LIST!D:D), 0) | H13: =E9*G9
C14: =IFERROR(XLOOKUP(B10, PRICE_LIST!A:A, PRICE_LIST!B:B), "") | D14: =IFERROR(XLOOKUP(B10, PRICE_LIST!A:A, PRICE_LIST!C:C), "") | G14: =IFERROR(XLOOKUP(B10, PRICE_LIST!A:A, PRICE_LIST!D:D), 0) | H14: =E10*G10
C15: =IFERROR(XLOOKUP(B11, PRICE_LIST!A:A, PRICE_LIST!B:B), "") | D15: =IFERROR(XLOOKUP(B11, PRICE_LIST!A:A, PRICE_LIST!C:C), "") | G15: =IFERROR(XLOOKUP(B11, PRICE_LIST!A:A, PRICE_LIST!D:D), 0) | H15: =E11*G11
C16: =IFERROR(XLOOKUP(B12, PRICE_LIST!A:A, PRICE_LIST!B:B), "") | D16: =IFERROR(XLOOKUP(B12, PRICE_LIST!A:A, PRICE_LIST!C:C), "") | G16: =IFERROR(XLOOKUP(B12, PRICE_LIST!A:A, PRICE_LIST!D:D), 0) | H16: =E12*G12
C17: =IFERROR(XLOOKUP(B13, PRICE_LIST!A:A, PRICE_LIST!B:B), "") | D17: =IFERROR(XLOOKUP(B13, PRICE_LIST!A:A, PRICE_LIST!C:C), "") | G17: =IFERROR(XLOOKUP(B13, PRICE_LIST!A:A, PRICE_LIST!D:D), 0) | H17: =E13*G13
C18: =IFERROR(XLOOKUP(B14, PRICE_LIST!A:A, PRICE_LIST!B:B), "") | D18: =IFERROR(XLOOKUP(B14, PRICE_LIST!A:A, PRICE_LIST!C:C), "") | G18: =IFERROR(XLOOKUP(B14, PRICE_LIST!A:A, PRICE_LIST!D:D), 0) | H18: =E14*G14
C19: =IFERROR(XLOOKUP(B15, PRICE_LIST!A:A, PRICE_LIST!B:B), "") | D19: =IFERROR(XLOOKUP(B15, PRICE_LIST!A:A, PRICE_LIST!C:C), "") | G19: =IFERROR(XLOOKUP(B15, PRICE_LIST!A:A, PRICE_LIST!D:D), 0) | H19: =E15*G15
C20: =IFERROR(XLOOKUP(B16, PRICE_LIST!A:A, PRICE_LIST!B:B), "") | D20: =IFERROR(XLOOKUP(B16, PRICE_LIST!A:A, PRICE_LIST!C:C), "") | G20: =IFERROR(XLOOKUP(B16, PRICE_LIST!A:A, PRICE_LIST!D:D), 0) | H20: =E16*G16
C21: =IFERROR(XLOOKUP(B17, PRICE_LIST!A:A, PRICE_LIST!B:B), "") | D21: =IFERROR(XLOOKUP(B17, PRICE_LIST!A:A, PRICE_LIST!C:C), "") | G21: =IFERROR(XLOOKUP(B17, PRICE_LIST!A:A, PRICE_LIST!D:D), 0) | H21: =E17*G17
C22: =IFERROR(XLOOKUP(B18, PRICE_LIST!A:A, PRICE_LIST!B:B), "") | D22: =IFERROR(XLOOKUP(B18, PRICE_LIST!A:A, PRICE_LIST!C:C), "") | G22: =IFERROR(XLOOKUP(B18, PRICE_LIST!A:A, PRICE_LIST!D:D), 0) | H22: =E18*G18
... C53: =IFERROR(XLOOKUP(B49, PRICE_LIST!A:A, PRICE_LIST!B:B), "") | D53: =IFERROR(XLOOKUP(B49, PRICE_LIST!A:A, PRICE_LIST!C:C), "") | G53: =IFERROR(XLOOKUP(B49, PRICE_LIST!A:A, PRICE_LIST!D:D), 0) | H53: =E49*G49
