Workbook

Sheet DASHBOARD
B2: ?? ASSET & BOM MANAGEMENT SYSTEM
B4: TOTAL ASSET VALUE: | C4: =SUM(BOM_PROJECT!J7:J21) -> 6100

Sheet PARTS_MASTER
A4: Part_ID | B4: Part_Number | C4: Description | D4: Manufacturer | E4: Vendor | F4: Unit Cost | G4: Initial Stock | H4: Qty Used | I4: Stock Remaining
A5: HW-001 | B5: PN-7788 | C5: Core Router | D5: Cisco | E5: Nexus IT | F5: 1200 | G5: 5 | H5: =SUMIF(BOM_PROJECT!$B$7:$B$105, A5, BOM_PROJECT!$H$7:$H$105) -> 1 | I5: =G5-H5 -> 4
A6: SW-002 | B6: LIC-9900 | C6: Firewall License | D6: Fortinet | E6: CyberSafe | F6: 500 | G6: 50 | H6: =SUMIF(BOM_PROJECT!$B$7:$B$105, A6, BOM_PROJECT!$H$7:$H$105) -> 2 | I6: =G6-H6 -> 48
A7: HW-003 | B7: PN-5544 | C7: Access Point | D7: Aruba | E7: GlobalNet | F7: 350 | G7: 20 | H7: =SUMIF(BOM_PROJECT!$B$7:$B$105, A7, BOM_PROJECT!$H$7:$H$105) -> 5 | I7: =G7-H7 -> 15
A8: SW-004 | B8: LIC-1122 | C8: Monitoring Tool | D8: SolarWinds | E8: SoftSolutions | F8: 800 | G8: 100 | H8: =SUMIF(BOM_PROJECT!$B$7:$B$105, A8, BOM_PROJECT!$H$7:$H$105) -> 1 | I8: =G8-H8 -> 99
A9: HW-005 | B9: PN-2233 | C9: Switch 24-Port | D9: Ubiquiti | E9: DirectSupply | F9: 450 | G9: 15 | H9: =SUMIF(BOM_PROJECT!$B$7:$B$105, A9, BOM_PROJECT!$H$7:$H$105) -> 3 | I9: =G9-H9 -> 12

Sheet BOM_PROJECT
A1: SCS BOM TRACKER
A6: Project_Site | B6: Part_ID | C6: Part_Number | D6: Manufacturer | E6: Serial_Number | F6: License | G6: Maintenance_Sub | H6: Qty_Needed | I6: Unit_Cost | J6: Total_Cost
A7: HQ-Manila | B7: HW-001 | C7: =VLOOKUP(B7, PARTS_MASTER!$A$5:$G$103, 2, FALSE) -> PN-7788 | D7: =VLOOKUP(B7, PARTS_MASTER!$A$5:$G$103, 4, FALSE) -> Cisco | E7: SN-ABC123 | F7: N/A | G7: 3 Years Warranty | H7: 1 | I7: =VLOOKUP(B7, PARTS_MASTER!$A$5:$G$103, 6, FALSE) -> 1200 | J7: =H7*I7 -> 1200
A8: HQ-Manila | B8: SW-002 | C8: =VLOOKUP(B8, PARTS_MASTER!$A$5:$G$103, 2, FALSE) -> LIC-9900 | D8: =VLOOKUP(B8, PARTS_MASTER!$A$5:$G$103, 4, FALSE) -> Fortinet | E8: N/A | F8: LIC-EXP-2027 | G8: Annual Support | H8: 2 | I8: =VLOOKUP(B8, PARTS_MASTER!$A$5:$G$103, 6, FALSE) -> 500 | J8: =H8*I8 -> 1000
A9: Branch-Cebu | B9: HW-003 | C9: =VLOOKUP(B9, PARTS_MASTER!$A$5:$G$103, 2, FALSE) -> PN-5544 | D9: =VLOOKUP(B9, PARTS_MASTER!$A$5:$G$103, 4, FALSE) -> Aruba | E9: SN-XYZ789 | F9: N/A | G9: 1 Year Warranty | H9: 5 | I9: =VLOOKUP(B9, PARTS_MASTER!$A$5:$G$103, 6, FALSE) -> 350 | J9: =H9*I9 -> 1750
A10: Branch-Davao | B10: SW-004 | C10: =VLOOKUP(B10, PARTS_MASTER!$A$5:$G$103, 2, FALSE) -> LIC-1122 | D10: =VLOOKUP(B10, PARTS_MASTER!$A$5:$G$103, 4, FALSE) -> SolarWinds | E10: N/A | F10: MON-SUB-1YR | G10: Platinum Support | H10: 1 | I10: =VLOOKUP(B10, PARTS_MASTER!$A$5:$G$103, 6, FALSE) -> 800 | J10: =H10*I10 -> 800
A11: HQ-Manila | B11: HW-005 | C11: =VLOOKUP(B11, PARTS_MASTER!$A$5:$G$103, 2, FALSE) -> PN-2233 | D11: =VLOOKUP(B11, PARTS_MASTER!$A$5:$G$103, 4, FALSE) -> Ubiquiti | E11: SN-SWI001 | F11: N/A | G11: 5 Years Warranty | H11: 3 | I11: =VLOOKUP(B11, PARTS_MASTER!$A$5:$G$103, 6, FALSE) -> 450 | J11: =H11*I11 -> 1350
