Workbook

Sheet EXECUTIVE_DASHBOARD
B2: ?? PROJECT BOM & MATERIAL PROGRESS TRACKER
B4: TOTAL BOM VALUE: | C4: =SUM(MASTER_BOM!G2:G100)
B5: TOTAL RECEIVED VALUE: | C5: =SUMPRODUCT(MASTER_BOM!H2:H100, MASTER_BOM!E2:E100)

Sheet MASTER_BOM
A1: Part_ID | B1: Description | C1: Category | D1: Qty_Ordered | E1: Unit_Cost | G1: Total_Cost | H1: Received_Qty | I1: Balance_Qty | J1: Status
A2: ACT-001 | B2: Core Switch | C2: Active | D2: 2 | E2: 5500 | G2: =D2*E2 | H2: =SUMIF(RECEIVING_LOG!$C$2:$C$100, A2, RECEIVING_LOG!$D$2:$D$100) | I2: =D2-H2 | J2: =IF(I2<=0, "? COMPLETE", IF(H2>0, "? PARTIAL", "? PENDING"))
A3: ACT-002 | B3: Edge Router | C3: Active | D3: 1 | E3: 3200 | G3: =D3*E3 | H3: =SUMIF(RECEIVING_LOG!$C$2:$C$100, A3, RECEIVING_LOG!$D$2:$D$100) | I3: =D3-H3 | J3: =IF(I3<=0, "? COMPLETE", IF(H3>0, "? PARTIAL", "? PENDING"))
A4: PAS-001 | B4: Cat6 Cable Box | C4: Passive | D4: 20 | E4: 185 | G4: =D4*E4 | H4: =SUMIF(RECEIVING_LOG!$C$2:$C$100, A4, RECEIVING_LOG!$D$2:$D$100) | I4: =D4-H4 | J4: =IF(I4<=0, "? COMPLETE", IF(H4>0, "? PARTIAL", "? PENDING"))
A5: PAS-002 | B5: Patch Panel | C5: Passive | D5: 10 | E5: 125 | G5: =D5*E5 | H5: =SUMIF(RECEIVING_LOG!$C$2:$C$100, A5, RECEIVING_LOG!$D$2:$D$100) | I5: =D5-H5 | J5: =IF(I5<=0, "? COMPLETE", IF(H5>0, "? PARTIAL", "? PENDING"))
A6: PAS-003 | B6: 42U Rack | C6: Passive | D6: 2 | E6: 1450 | G6: =D6*E6 | H6: =SUMIF(RECEIVING_LOG!$C$2:$C$100, A6, RECEIVING_LOG!$D$2:$D$100) | I6: =D6-H6 | J6: =IF(I6<=0, "? COMPLETE", IF(H6>0, "? PARTIAL", "? PENDING"))
A7: SVC-001 | B7: Installation | C7: Services | D7: 1 | E7: 2500 | G7: =D7*E7 | H7: =SUMIF(RECEIVING_LOG!$C$2:$C$100, A7, RECEIVING_LOG!$D$2:$D$100) | I7: =D7-H7 | J7: =IF(I7<=0, "? COMPLETE", IF(H7>0, "? PARTIAL", "? PENDING"))

Sheet RECEIVING_LOG
A1: Date | B1: DN_Number | C1: Part_ID | D1: Qty_Received | E1: Receiving_Engineer | F1: Condition | G1: Expected_Qty | H1: Discrepancy | I1: Alert
A2: 2026-05-01 | B2: DN-9901 | C2: ACT-001 | D2: 2 | E2: Engr. Reyes | F2: Good | G2: =IFERROR(VLOOKUP(C2, MASTER_BOM!$A$2:$D$100, 4, FALSE), 0) | H2: =G2-D2 | I2: =IF(H2>0, "?? SHORTAGE", IF(H2<0, "? EXCESS", "OK"))
A3: 2026-05-02 | B3: DN-9902 | C3: PAS-001 | D3: 18 | E3: Engr. Santos | F3: Box Damaged | G3: =IFERROR(VLOOKUP(C3, MASTER_BOM!$A$2:$D$100, 4, FALSE), 0) | H3: =G3-D3 | I3: =IF(H3>0, "?? SHORTAGE", IF(H3<0, "? EXCESS", "OK"))
A4: 2026-05-03 | B4: DN-9903 | C4: PAS-003 | D4: 2 | E4: Engr. Reyes | F4: Good | G4: =IFERROR(VLOOKUP(C4, MASTER_BOM!$A$2:$D$100, 4, FALSE), 0) | H4: =G4-D4 | I4: =IF(H4>0, "?? SHORTAGE", IF(H4<0, "? EXCESS", "OK"))
G5: =IFERROR(VLOOKUP(C5, MASTER_BOM!$A$2:$D$100, 4, FALSE), 0) | H5: =G5-D5 | I5: =IF(H5>0, "?? SHORTAGE", IF(H5<0, "? EXCESS", "OK"))
G6: =IFERROR(VLOOKUP(C6, MASTER_BOM!$A$2:$D$100, 4, FALSE), 0) | H6: =G6-D6 | I6: =IF(H6>0, "?? SHORTAGE", IF(H6<0, "? EXCESS", "OK"))
G7: =IFERROR(VLOOKUP(C7, MASTER_BOM!$A$2:$D$100, 4, FALSE), 0) | H7: =G7-D7 | I7: =IF(H7>0, "?? SHORTAGE", IF(H7<0, "? EXCESS", "OK"))
G8: =IFERROR(VLOOKUP(C8, MASTER_BOM!$A$2:$D$100, 4, FALSE), 0) | H8: =G8-D8 | I8: =IF(H8>0, "?? SHORTAGE", IF(H8<0, "? EXCESS", "OK"))
G9: =IFERROR(VLOOKUP(C9, MASTER_BOM!$A$2:$D$100, 4, FALSE), 0) | H9: =G9-D9 | I9: =IF(H9>0, "?? SHORTAGE", IF(H9<0, "? EXCESS", "OK"))
G10: =IFERROR(VLOOKUP(C10, MASTER_BOM!$A$2:$D$100, 4, FALSE), 0) | H10: =G10-D10 | I10: =IF(H10>0, "?? SHORTAGE", IF(H10<0, "? EXCESS", "OK"))
G11: =IFERROR(VLOOKUP(C11, MASTER_BOM!$A$2:$D$100, 4, FALSE), 0) | H11: =G11-D11 | I11: =IF(H11>0, "?? SHORTAGE", IF(H11<0, "? EXCESS", "OK"))
G12: =IFERROR(VLOOKUP(C12, MASTER_BOM!$A$2:$D$100, 4, FALSE), 0) | H12: =G12-D12 | I12: =IF(H12>0, "?? SHORTAGE", IF(H12<0, "? EXCESS", "OK"))
G13: =IFERROR(VLOOKUP(C13, MASTER_BOM!$A$2:$D$100, 4, FALSE), 0) | H13: =G13-D13 | I13: =IF(H13>0, "?? SHORTAGE", IF(H13<0, "? EXCESS", "OK"))
G14: =IFERROR(VLOOKUP(C14, MASTER_BOM!$A$2:$D$100, 4, FALSE), 0) | H14: =G14-D14 | I14: =IF(H14>0, "?? SHORTAGE", IF(H14<0, "? EXCESS", "OK"))
G15: =IFERROR(VLOOKUP(C15, MASTER_BOM!$A$2:$D$100, 4, FALSE), 0) | H15: =G15-D15 | I15: =IF(H15>0, "?? SHORTAGE", IF(H15<0, "? EXCESS", "OK"))
G16: =IFERROR(VLOOKUP(C16, MASTER_BOM!$A$2:$D$100, 4, FALSE), 0) | H16: =G16-D16 | I16: =IF(H16>0, "?? SHORTAGE", IF(H16<0, "? EXCESS", "OK"))
... G49: =IFERROR(VLOOKUP(C49, MASTER_BOM!$A$2:$D$100, 4, FALSE), 0) | H49: =G49-D49 | I49: =IF(H49>0, "?? SHORTAGE", IF(H49<0, "? EXCESS", "OK"))
